id,platform,tracks,source,expected_type,expected_width_in,directory_level,directory_map_x,master_plan_mid_ft,found,type,clear_width_in,escalator_step_width_in,escalator_direction_am_peak,escalator_direction_pm_peak,nearest_column_number,distance_from_east_end_ft,leads_to,obstructions,photos,notes
P3-D1,3,5/6,2022 directory,stair,,lower,876,,,,,,,,,,,,,
P3-D2,3,5/6,2022 directory,stair,,lower,938,,,,,,,,,,,,,
P3-D3,3,5/6,2022 directory,stair,,lower,1266,,,,,,,,,,,,,
P3-D4,3,5/6,2022 directory,elevator,,lower,1317,,,,,,,,,,,,,
P3-D5,3,5/6,2022 directory,stair,,lower,1376,,,,,,,,,,,,,
P3-D6,3,5/6,2022 directory,stair,,lower,1937,,,,,,,,,,,,,
P3-D7,3,5/6,2022 directory,escalator,,upper,1243,,,,,,,,,,,,,
P3-D8,3,5/6,2022 directory,escalator,,upper,1392,,,,,,,,,,,,,
P3-D9,3,5/6,2022 directory,elevator,,upper,1861,,,,,,,,,,,,,
P3-D10,3,5/6,2022 directory,stair,,upper,1983,,,,,,,,,,,,,
P3-M1,3,5/6,Master Plan,escalator,34,,,230,,,,,,,,,,,,
P3-M2,3,5/6,Master Plan,stair,69,,,278,,,,,,,,,,,,
P3-M3,3,5/6,Master Plan,stair,52,,,358,,,,,,,,,,,,
P3-M4,3,5/6,Master Plan,escalator,34,,,392,,,,,,,,,,,,
P3-M5,3,5/6,Master Plan,stair,44,,,684,,,,,,,,,,,,
P11-D1,11,20/21,2022 directory,elevator,,lower,877,,,,,,,,,,,,,
P11-D2,11,20/21,2022 directory,escalator,,lower,946,,,,,,,,,,,,,
P11-D3,11,20/21,2022 directory,stair,,lower,1163,,,,,,,,,,,,,
P11-D4,11,20/21,2022 directory,stair,,lower,1475,,,,,,,,,,,,,
P11-D5,11,20/21,2022 directory,elevator,,lower,1591,,,,,,,,,,,,,
P11-D6,11,20/21,2022 directory,stair,,lower,1687,,,,,,,,,,,,,
P11-D7,11,20/21,2022 directory,stair,,lower,1876,,,,,,,,,,,,,
P11-D8,11,20/21,2022 directory,stair,,lower,2281,,,,,,,,,,,,,
P1-D1,1,1/2,2022 directory,stair,,lower,1266,,,,,,,,,,,,,
P1-D2,1,1/2,2022 directory,elevator,,lower,1315,,,,,,,,,,,,,
P1-D3,1,1/2,2022 directory,stair,,lower,1376,,,,,,,,,,,,,
P1-D4,1,1/2,2022 directory,stair,,lower,1937,,,,,,,,,,,,,
P1-D5,1,1/2,2022 directory,stair,,lower,2055,,,,,,,,,,,,,
P1-D6,1,1/2,2022 directory,elevator,,upper,1862,,,,,,,,,,,,,
P1-D7,1,1/2,2022 directory,stair,,upper,1983,,,,,,,,,,,,,
P1-D8,1,1/2,2022 directory,stair,,upper,2053,,,,,,,,,,,,,
P1-M1,1,1/2,Master Plan,stair,60,,,277,,,,,,,,,,,,
P1-M2,1,1/2,Master Plan,stair,58,,,365,,,,,,,,,,,,
P1-M3,1,1/2,Master Plan,stair,58,,,403,,,,,,,,,,,,
P1-M4,1,1/2,Master Plan,escalator,46,,,688,,,,,,,,,,,,
P1-M5,1,1/2,Master Plan,stair,44/57,,,689,,,,,,,,,,,,
P1-M6,1,1/2,Master Plan,escalator,46,,,774,,,,,,,,,,,,
P1-M7,1,1/2,Master Plan,stair,52,,,776,,,,,,,,,,,,
P2-D1,2,3/4,2022 directory,stair,,lower,1266,,,,,,,,,,,,,
P2-D2,2,3/4,2022 directory,elevator,,lower,1316,,,,,,,,,,,,,
P2-D3,2,3/4,2022 directory,stair,,lower,1376,,,,,,,,,,,,,
P2-D4,2,3/4,2022 directory,stair,,lower,1936,,,,,,,,,,,,,
P2-D5,2,3/4,2022 directory,stair,,lower,2055,,,,,,,,,,,,,
P2-D6,2,3/4,2022 directory,stair,,lower,2741,,,,,,,,,,,,,
P2-D7,2,3/4,2022 directory,escalator,,upper,1392,,,,,,,,,,,,,
P2-D8,2,3/4,2022 directory,elevator,,upper,1861,,,,,,,,,,,,,
P2-D9,2,3/4,2022 directory,stair,,upper,1983,,,,,,,,,,,,,
P2-D10,2,3/4,2022 directory,stair,,upper,2053,,,,,,,,,,,,,
P2-M1,2,3/4,Master Plan,stair,64,,,278,,,,,,,,,,,,
P2-M2,2,3/4,Master Plan,stair,57,,,358,,,,,,,,,,,,
P2-M3,2,3/4,Master Plan,escalator,34,,,392,,,,,,,,,,,,
P2-M4,2,3/4,Master Plan,escalator,46,,,774,,,,,,,,,,,,
P2-M5,2,3/4,Master Plan,stair,52,,,775,,,,,,,,,,,,
P4-D1,4,7/8,2022 directory,elevator,,lower,877,,,,,,,,,,,,,
P4-D2,4,7/8,2022 directory,escalator,,lower,939,,,,,,,,,,,,,
P4-D3,4,7/8,2022 directory,stair,,lower,1267,,,,,,,,,,,,,
P4-D4,4,7/8,2022 directory,elevator,,lower,1316,,,,,,,,,,,,,
P4-D5,4,7/8,2022 directory,stair,,lower,1375,,,,,,,,,,,,,
P4-D6,4,7/8,2022 directory,stair,,lower,1937,,,,,,,,,,,,,
P4-D7,4,7/8,2022 directory,stair,,upper,1226,,,,,,,,,,,,,
P4-D8,4,7/8,2022 directory,stair,,upper,1423,,,,,,,,,,,,,
P4-D9,4,7/8,2022 directory,elevator,,upper,1861,,,,,,,,,,,,,
P4-D10,4,7/8,2022 directory,stair,,upper,1983,,,,,,,,,,,,,
P4-M1,4,7/8,Master Plan,escalator,34,,,230,,,,,,,,,,,,
P4-M2,4,7/8,Master Plan,stair,72,,,364,,,,,,,,,,,,
P4-M3,4,7/8,Master Plan,escalator,34,,,404,,,,,,,,,,,,
P4-M4,4,7/8,Master Plan,stair,44,,,683,,,,,,,,,,,,
P5-D1,5,9/10,2022 directory,elevator,,lower,876,,,,,,,,,,,,,
P5-D2,5,9/10,2022 directory,escalator,,lower,938,,,,,,,,,,,,,
P5-D3,5,9/10,2022 directory,stair,,lower,1266,,,,,,,,,,,,,
P5-D4,5,9/10,2022 directory,stair,,lower,1376,,,,,,,,,,,,,
P5-D5,5,9/10,2022 directory,elevator,,lower,1376,,,,,,,,,,,,,
P5-D6,5,9/10,2022 directory,stair,,lower,1937,,,,,,,,,,,,,
P5-D7,5,9/10,2022 directory,stair,,lower,2071,,,,,,,,,,,,,
P5-D8,5,9/10,2022 directory,stair,,upper,1226,,,,,,,,,,,,,
P5-D9,5,9/10,2022 directory,stair,,upper,1424,,,,,,,,,,,,,
P5-D10,5,9/10,2022 directory,elevator,,upper,1861,,,,,,,,,,,,,
P5-D11,5,9/10,2022 directory,stair,,upper,1985,,,,,,,,,,,,,
P5-D12,5,9/10,2022 directory,stair,,upper,2125,,,,,,,,,,,,,
P5-M1,5,9/10,Master Plan,escalator,34,,,230,,,,,,,,,,,,
P5-M2,5,9/10,Master Plan,escalator,34,,,410,,,,,,,,,,,,
P5-M3,5,9/10,Master Plan,stair,44,,,683,,,,,,,,,,,,
P6-D1,6,11/12,2022 directory,elevator,,lower,877,,,,,,,,,,,,,
P6-D2,6,11/12,2022 directory,escalator,,lower,939,,,,,,,,,,,,,
P6-D3,6,11/12,2022 directory,stair,,lower,1267,,,,,,,,,,,,,
P6-D4,6,11/12,2022 directory,elevator,,lower,1316,,,,,,,,,,,,,
P6-D5,6,11/12,2022 directory,stair,,lower,1376,,,,,,,,,,,,,
P6-D6,6,11/12,2022 directory,elevator,,lower,1829,,,,,,,,,,,,,
P6-D7,6,11/12,2022 directory,stair,,lower,1936,,,,,,,,,,,,,
P6-D8,6,11/12,2022 directory,stair,,lower,2054,,,,,,,,,,,,,
P6-D9,6,11/12,2022 directory,stair,,upper,1226,,,,,,,,,,,,,
P6-D10,6,11/12,2022 directory,stair,,upper,1424,,,,,,,,,,,,,
P6-M1,6,11/12,Master Plan,escalator,34,,,230,,,,,,,,,,,,
P6-M2,6,11/12,Master Plan,stair,50,,,366,,,,,,,,,,,,
P6-M3,6,11/12,Master Plan,escalator,34,,,410,,,,,,,,,,,,
P7-D1,7,13/14,2022 directory,elevator,,lower,876,,,,,,,,,,,,,
P7-D2,7,13/14,2022 directory,escalator,,lower,938,,,,,,,,,,,,,
P7-D3,7,13/14,2022 directory,stair,,lower,1266,,,,,,,,,,,,,
P7-D4,7,13/14,2022 directory,stair,,lower,1379,,,,,,,,,,,,,
P7-D5,7,13/14,2022 directory,elevator,,lower,1591,,,,,,,,,,,,,
P7-D6,7,13/14,2022 directory,stair,,lower,1668,,,,,,,,,,,,,
P7-D7,7,13/14,2022 directory,stair,,lower,1899,,,,,,,,,,,,,
P7-D8,7,13/14,2022 directory,stair,,upper,1226,,,,,,,,,,,,,
P7-D9,7,13/14,2022 directory,stair,,upper,1423,,,,,,,,,,,,,
P7-M1,7,13/14,Master Plan,escalator,34,,,230,,,,,,,,,,,,
P7-M2,7,13/14,Master Plan,stair,58,,,365,,,,,,,,,,,,
P7-M3,7,13/14,Master Plan,escalator,34,,,410,,,,,,,,,,,,
P8-D1,8,15/16,2022 directory,elevator,,lower,876,,,,,,,,,,,,,
P8-D2,8,15/16,2022 directory,escalator,,lower,938,,,,,,,,,,,,,
P8-D3,8,15/16,2022 directory,stair,,lower,1266,,,,,,,,,,,,,
P8-D4,8,15/16,2022 directory,stair,,lower,1379,,,,,,,,,,,,,
P8-D5,8,15/16,2022 directory,elevator,,lower,1590,,,,,,,,,,,,,
P8-D6,8,15/16,2022 directory,stair,,lower,1668,,,,,,,,,,,,,
P8-D7,8,15/16,2022 directory,stair,,lower,1900,,,,,,,,,,,,,
P8-D8,8,15/16,2022 directory,stair,,upper,1226,,,,,,,,,,,,,
P8-D9,8,15/16,2022 directory,stair,,upper,1423,,,,,,,,,,,,,
P8-M1,8,15/16,Master Plan,escalator,34,,,230,,,,,,,,,,,,
P8-M2,8,15/16,Master Plan,stair,58,,,363,,,,,,,,,,,,
P8-M3,8,15/16,Master Plan,escalator,34,,,404,,,,,,,,,,,,
P9-D1,9,17,2022 directory,elevator,,lower,877,,,,,,,,,,,,,
P9-D2,9,17,2022 directory,escalator,,lower,938,,,,,,,,,,,,,
P9-D3,9,17,2022 directory,stair,,lower,1267,,,,,,,,,,,,,
P9-D4,9,17,2022 directory,stair,,lower,1379,,,,,,,,,,,,,
P9-D5,9,17,2022 directory,elevator,,lower,1590,,,,,,,,,,,,,
P9-D6,9,17,2022 directory,stair,,lower,1668,,,,,,,,,,,,,
P9-D7,9,17,2022 directory,stair,,lower,1901,,,,,,,,,,,,,
P9-D8,9,17,2022 directory,stair,,lower,2255,,,,,,,,,,,,,
P9-D9,9,17,2022 directory,stair,,upper,1234,,,,,,,,,,,,,
P9-M1,9,17,Master Plan,stair,60,,,279,,,,,,,,,,,,
P9-M2,9,17,Master Plan,stair,66/72,,,362,,,,,,,,,,,,
P9-M3,9,17,Master Plan,stair,72,,,402,,,,,,,,,,,,
P9-M4,9,17,Master Plan,stair,68,,,888,,,,,,,,,,,,
P10-D1,10,18/19,2022 directory,elevator,,lower,876,,,,,,,,,,,,,
P10-D2,10,18/19,2022 directory,escalator,,lower,938,,,,,,,,,,,,,
P10-D3,10,18/19,2022 directory,stair,,lower,1266,,,,,,,,,,,,,
P10-D4,10,18/19,2022 directory,stair,,lower,1379,,,,,,,,,,,,,
P10-D5,10,18/19,2022 directory,elevator,,lower,1590,,,,,,,,,,,,,
P10-D6,10,18/19,2022 directory,stair,,lower,1669,,,,,,,,,,,,,
P10-D7,10,18/19,2022 directory,stair,,lower,1901,,,,,,,,,,,,,
P10-D8,10,18/19,2022 directory,stair,,lower,2042,,,,,,,,,,,,,
P10-D9,10,18/19,2022 directory,stair,,lower,2209,,,,,,,,,,,,,
P10-M1,10,18/19,Master Plan,stair,92,,,266,,,,,,,,,,,,
P10-M2,10,18/19,Master Plan,escalator,38,,,269,,,,,,,,,,,,
P10-M3,10,18/19,Master Plan,stair,108,,,362,,,,,,,,,,,,
P10-M4,10,18/19,Master Plan,escalator,34,,,368,,,,,,,,,,,,
P10-M5,10,18/19,Master Plan,stair,94,,,772,,,,,,,,,,,,
P10-M6,10,18/19,Master Plan,stair,108,,,870,,,,,,,,,,,,
