alternative,platform,vce,width_in,type,table_status,plan_status,east_end_ft,west_end_ft
1,10,1,38,escalator,existing,existing,258,282
1,10,2,92,stair,existing,existing,254,280
1,10,3,108,stair,existing,existing,351,376
1,10,4,34,escalator,new,new,385,399
1,10,5,90,stair,new,new,460,487
1,10,6,118,stair,new,new,534,558
1,10,7,222,stair,new,new,608,636
1,10,8,94,stair,existing,existing,760,786
1,10,9,108,stair,existing,existing,857,886
1,9,1,60,stair,existing,existing,266,292
1,9,2,72,stair,existing,existing,350,376
1,9,3,34,escalator,new,new,386,398
1,9,4,62,stair,new,new,460,487
1,9,5,62,stair,new,new,534,558
1,9,6,32,escalator,new,new,598,622
1,9,7,68,stair,existing,existing,876,900
1,8,1,34,escalator,existing,existing,224,236
1,8,2,66,stair,new,new,266,292
1,8,3,58,stair,existing,existing,350,377
1,8,4,34,escalator,new,existing,398,410
1,8,5,60,stair,new,new,460,487
1,8,6,60,stair,new,new,534,558
1,8,7,60,stair,new,new,608,636
1,7,1,34,escalator,existing,existing,224,236
1,7,2,57,stair,new,new,266,292
1,7,3,58,stair,existing,existing,352,379
1,7,4,34,escalator,new,existing,404,416
1,7,5,60,stair,new,new,460,487
1,7,6,60,stair,new,new,534,558
1,7,7,60,stair,new,new,608,636
1,6,1,34,escalator,existing,existing,224,237
1,6,2,49,stair,new,new,266,292
1,6,3,50,stair,existing,existing,352,379
1,6,4,34,escalator,new,existing,404,416
1,6,5,54,stair,new,new,460,487
1,6,6,54,stair,new,new,534,558
1,6,7,54,stair,new,new,608,636
1,6,8,54,stair,new,new,683,708
1,6,9,54,stair,new,new,809,835
1,5,1,34,escalator,existing,existing,224,237
1,5,2,54,stair,new,new,266,292
1,5,3,64,stair,new,new,352,377
1,5,4,34,escalator,new,existing,404,416
1,5,5,60,stair,new,new,460,487
1,5,6,60,stair,new,new,534,558
1,5,7,60,stair,new,new,608,636
1,5,8,44,stair,new,existing,670,696
1,5,9,44,stair,new,new,758,774
1,4,1,34,escalator,existing,existing,224,237
1,4,2,64,stair,new,new,266,292
1,4,3,72,stair,existing,existing,352,378
1,4,4,34,escalator,new,existing,398,411
1,4,5,60,stair,new,new,460,487
1,4,6,60,stair,new,new,534,558
1,4,7,86,stair,new,new,608,636
1,4,8,44,stair,new,existing,670,696
1,3,1,69,stair,existing,existing,265,291
1,3,2,52,stair,existing,existing,345,372
1,3,3,34,escalator,existing,existing,386,398
1,3,4,75,stair,new,new,460,487
1,3,5,75,stair,new,new,534,559
1,3,6,75,stair,new,new,608,636
1,3,7,32,escalator,new,new,673,696
1,2,1,64,stair,existing,existing,265,291
1,2,2,57,stair,existing,existing,345,370
1,2,3,34,escalator,existing,existing,386,398
1,2,4,88,stair,new,new,460,487
1,2,5,88,stair,new,new,534,559
1,2,6,86,stair,new,new,608,636
1,2,7,40,escalator,new,new,673,696
1,2,8,46,escalator,existing,existing,763,786
1,2,9,52,stair,existing,existing,762,788
1,1,1,60,stair,existing,existing,265,291
1,1,2,58,stair,existing,existing,352,378
1,1,3,40,escalator,new,new,386,398
1,1,4,57,stair,new,new,460,487
1,1,5,57,stair,new,new,534,559
1,1,6,57,stair,new,new,608,636
1,1,7,46,escalator,existing,existing,677,700
1,1,8,44,stair,existing,existing,677,703
1,1,9,46,escalator,existing,existing,764,787
1,1,10,52,stair,existing,existing,763,789
2,6,1,34,escalator,existing,existing,224,237
2,6,2,49,stair,new,new,266,292
2,6,3,50,stair,existing,existing,352,379
2,6,4,34,escalator,new,existing,404,416
2,6,5,54,stair,new,new,460,487
2,6,6,54,stair,new,new,534,558
2,6,7,54,stair,new,new,608,636
2,6,8,54,stair,new,new,683,708
2,6,9,54,stair,new,new,809,835
2,5,1,34,escalator,existing,existing,224,237
2,5,2,54,stair,new,new,266,292
2,5,3,64,stair,new,new,352,377
2,5,4,34,escalator,new,existing,404,416
2,5,5,60,stair,new,new,460,487
2,5,6,60,stair,new,new,534,558
2,5,7,60,stair,new,new,608,636
2,5,8,44,stair,new,existing,670,696
2,5,9,44,stair,new,new,758,774
2,4,1,34,escalator,existing,existing,224,237
2,4,2,64,stair,new,new,266,292
2,4,3,72,stair,existing,existing,352,378
2,4,4,34,escalator,new,existing,398,411
2,4,5,60,stair,new,new,460,487
2,4,6,60,stair,new,new,534,558
2,4,7,86,stair,new,new,608,636
2,4,8,44,stair,new,existing,670,696
2,3,1,34,escalator,existing,existing,224,237
2,3,2,69,stair,existing,existing,265,291
2,3,3,52,stair,existing,existing,345,372
2,3,4,34,escalator,existing,existing,386,398
2,3,5,75,stair,new,new,460,487
2,3,6,75,stair,new,new,534,559
2,3,7,75,stair,new,new,608,636
2,3,8,44,stair,new,existing,673,696
2,2,1,34,escalator,new,new,224,237
2,2,2,64,stair,existing,existing,265,291
2,2,3,57,stair,existing,existing,345,370
2,2,4,88,stair,new,new,460,487
2,2,5,88,stair,new,new,534,559
2,2,6,86,stair,new,new,608,636
2,2,7,40,escalator,new,new,673,696
2,2,8,46,escalator,existing,existing,763,786
2,2,9,52,stair,existing,existing,762,788
3,10,1,38,escalator,existing,existing,256,282
3,10,2,92,stair,existing,existing,253,280
3,10,3,108,stair,existing,existing,349,376
3,10,4,34,escalator,new,existing,355,380
3,10,5,90,stair,new,new,459,487
3,10,6,118,stair,new,new,532,558
3,10,7,120,stair,new,new,589,618
3,10,8,94,stair,existing,existing,758,786
3,10,9,108,stair,existing,existing,855,886
3,9,1,40,escalator,new,new,264,292
3,9,2,66,stair,new,existing,349,376
3,9,3,72,stair,existing,new,388,416
3,9,4,62,stair,new,new,459,487
3,9,5,62,stair,new,new,532,558
3,9,6,32,escalator,new,new,591,616
3,9,7,68,stair,existing,existing,875,900
3,8,1,40,escalator,new,new,216,241
3,8,2,66,stair,new,new,264,292
3,8,3,58,stair,existing,existing,349,377
3,8,4,58,stair,new,new,388,416
3,8,5,60,stair,new,new,459,487
3,8,6,60,stair,new,new,532,558
3,8,7,40,escalator,new,new,591,616
3,8,8,60,stair,new,new,668,696
3,7,1,40,escalator,new,new,216,241
3,7,2,57,stair,new,new,264,292
3,7,3,58,stair,existing,existing,351,379
3,7,4,58,stair,new,new,388,416
3,7,5,60,stair,new,new,459,487
3,7,6,60,stair,new,new,532,558
3,7,7,40,escalator,new,new,591,616
3,7,8,60,stair,new,new,668,696
3,5,1,40,escalator,new,new,216,241
3,5,2,54,stair,new,new,264,292
3,5,3,64,stair,new,new,351,377
3,5,4,64,stair,new,new,388,416
3,5,5,60,stair,new,new,459,487
3,5,6,60,stair,new,new,532,558
3,5,7,60,stair,new,new,589,618
3,5,8,40,escalator,new,new,668,696
3,5,9,44,stair,new,new,756,774
3,4,1,40,escalator,new,new,216,241
3,4,2,64,stair,new,new,264,292
3,4,3,72,stair,existing,existing,351,378
3,4,4,72,stair,new,new,388,416
3,4,5,60,stair,new,new,459,487
3,4,6,60,stair,new,new,532,558
3,4,7,86,stair,new,new,589,618
3,4,8,40,escalator,new,new,668,696
3,1,1,60,stair,existing,existing,263,291
3,1,2,40,escalator,new,new,349,373
3,1,3,58,stair,existing,existing,389,417
3,1,4,57,stair,new,new,459,487
3,1,5,57,stair,new,new,532,559
3,1,6,57,stair,new,new,606,636
3,1,7,46,escalator,new,existing,675,700
3,1,8,57,stair,new,existing,675,703
3,1,9,46,escalator,existing,existing,762,787
3,1,10,52,stair,existing,existing,762,789
4,10,1,38,escalator,existing,existing,256,282
4,10,2,92,stair,existing,existing,253,280
4,10,3,108,stair,existing,existing,349,376
4,10,4,34,escalator,new,existing,355,380
4,10,5,90,stair,new,new,459,487
4,10,6,118,stair,new,new,532,558
4,10,7,120,stair,new,new,589,618
4,10,8,94,stair,existing,existing,758,786
4,10,9,108,stair,existing,existing,855,886
4,8,1,40,escalator,new,new,216,241
4,8,2,66,stair,new,new,264,292
4,8,3,58,stair,existing,existing,349,377
4,8,4,58,stair,new,new,388,416
4,8,5,60,stair,new,new,459,487
4,8,6,60,stair,new,new,532,558
4,8,7,40,escalator,new,new,591,616
4,8,8,60,stair,new,new,668,696
4,7,1,40,escalator,new,new,216,241
4,7,2,57,stair,new,new,264,292
4,7,3,58,stair,existing,existing,351,379
4,7,4,58,stair,new,new,388,416
4,7,5,60,stair,new,new,459,487
4,7,6,60,stair,new,new,532,558
4,7,7,40,escalator,new,new,591,616
4,7,8,60,stair,new,new,668,696
4,5,1,40,escalator,new,new,216,241
4,5,2,54,stair,new,new,264,292
4,5,3,64,stair,new,new,351,377
4,5,4,64,stair,new,new,388,416
4,5,5,60,stair,new,new,459,487
4,5,6,60,stair,new,new,532,558
4,5,7,60,stair,new,new,589,618
4,5,8,40,escalator,new,new,668,696
4,5,9,44,stair,new,new,756,774
4,4,1,40,escalator,new,new,216,241
4,4,2,64,stair,new,new,264,292
4,4,3,72,stair,existing,existing,351,378
4,4,4,72,stair,new,new,388,416
4,4,5,60,stair,new,new,459,487
4,4,6,60,stair,new,new,532,558
4,4,7,86,stair,new,new,589,618
4,4,8,40,escalator,new,new,668,696
4,1,1,60,stair,existing,existing,263,291
4,1,2,40,escalator,new,new,349,373
4,1,3,58,stair,existing,existing,389,417
4,1,4,57,stair,new,new,459,487
4,1,5,57,stair,new,new,532,559
4,1,6,57,stair,new,new,606,636
4,1,7,46,escalator,new,existing,675,700
4,1,8,57,stair,new,existing,675,703
4,1,9,46,escalator,existing,existing,762,787
4,1,10,52,stair,existing,existing,762,789
