platform,west_end_ft,max_cars,circulation_area_sq_ft,added_circulation_area_sq_ft,source
1,-78,10,13700,880,"FRA Penn Station SOS Phase I Report, June 2026, Figure 11 and Table 1 (PDF page 71)"
2,-134,10,13100,660,"FRA Penn Station SOS Phase I Report, June 2026, Figure 11 and Table 1 (PDF page 71)"
3,-506,10,12900,360,"FRA Penn Station SOS Phase I Report, June 2026, Figure 11 and Table 1 (PDF page 71)"
4,,,17900,580,"FRA Penn Station SOS Phase I Report, June 2026, Figure 11 and Table 1 (PDF page 71)"
5,,,20700,870,"FRA Penn Station SOS Phase I Report, June 2026, Figure 11 and Table 1 (PDF page 71)"
6,,,20900,650,"FRA Penn Station SOS Phase I Report, June 2026, Figure 11 and Table 1 (PDF page 71)"
7,,,22500,950,"FRA Penn Station SOS Phase I Report, June 2026, Figure 11 and Table 1 (PDF page 71)"
8,,,19000,830,"FRA Penn Station SOS Phase I Report, June 2026, Figure 11 and Table 1 (PDF page 71)"
9,,,16500,290,"FRA Penn Station SOS Phase I Report, June 2026, Figure 11 and Table 1 (PDF page 71)"
10,,,27500,3980,"FRA Penn Station SOS Phase I Report, June 2026, Figure 11 and Table 1 (PDF page 71)"
11,,,17600,350,"FRA Penn Station SOS Phase I Report, June 2026, Figure 11 and Table 1 (PDF page 71)"
