platform,west_end_ft,source
1,106,"PCIP Phase 1 Appendix A, sheet TK-003, July 2019, PDF page 8"
2,95,"PCIP Phase 1 Appendix A, sheet TK-003, July 2019, PDF page 8"
3,-189,"PCIP Phase 1 Appendix A, sheet TK-003, July 2019, PDF page 8"
4,-404,"PCIP Phase 1 Appendix A, sheet TK-003, July 2019, PDF page 8"
5,-654,"PCIP Phase 1 Appendix A, sheet TK-003, July 2019, PDF page 8"
6,-629,"PCIP Phase 1 Appendix A, sheet TK-003, July 2019, PDF page 8"
7,-655,"PCIP Phase 1 Appendix A, sheet TK-003, July 2019, PDF page 8"
8,-407,"PCIP Phase 1 Appendix A, sheet TK-003, July 2019, PDF page 8"
9,-168,"PCIP Phase 1 Appendix A, sheet TK-003, July 2019, PDF page 8"
10,-99,"PCIP Phase 1 Appendix A, sheet TK-003, July 2019, PDF page 8"
11,-26,"PCIP Phase 1 Appendix A, sheet TK-003, July 2019, PDF page 8"
