platform,east_end_ft,source
1,911,"PCIP Phase 2 Appendix A, sheet A-001, November 2020, PDF page 45"
2,911,"PCIP Phase 2 Appendix A, sheet A-001, November 2020, PDF page 45"
3,720,"PCIP Phase 2 Appendix A, sheet A-001, November 2020, PDF page 45"
4,762,"PCIP Phase 2 Appendix A, sheet A-001, November 2020, PDF page 45"
5,819,"PCIP Phase 2 Appendix A, sheet A-001, November 2020, PDF page 45"
6,850,"PCIP Phase 2 Appendix A, sheet A-001, November 2020, PDF page 45"
7,821,"PCIP Phase 2 Appendix A, sheet A-001, November 2020, PDF page 45"
8,779,"PCIP Phase 2 Appendix A, sheet A-001, November 2020, PDF page 45"
9,881,"NY Penn Station Master Plan Alternatives Report, August 2020 draft, platform-level plans' platform outlines"
10,964,"NY Penn Station Master Plan Alternatives Report, August 2020 draft, platform-level plans' platform outlines"
11,965,"NY Penn Station Master Plan Alternatives Report, August 2020 draft, platform-level plans' platform outlines"
