platform,tracks,length_ft,cars,railroad,source
1,1/2,842,8,NJT,"Moynihan Station EA, Table 4.4-10, p. 4.4-22"
2,3/4,842,8,NJT,"Moynihan Station EA, Table 4.4-10, p. 4.4-22"
3,5/6,934,10,NJT,"Moynihan Station EA, Table 4.4-10, p. 4.4-22"
4,7/8,1149,12,NJT,"Moynihan Station EA, Table 4.4-10, p. 4.4-22"
5,9/10,1463,12,NJT,"Moynihan Station EA, Table 4.4-10, p. 4.4-22"
6,11/12,1464,12,NJT,"Moynihan Station EA, Table 4.4-10, p. 4.4-22"
7,13/14,1483,12,LIRR,"Moynihan Station EA, Table 4.4-10, p. 4.4-22"
8,15/16,1185,12,LIRR,"Moynihan Station EA, Table 4.4-10, p. 4.4-22"
9,17,916,10,LIRR,"Moynihan Station EA, Table 4.4-10, p. 4.4-22"
10,18/19,1022,12,LIRR,"Moynihan Station EA, Table 4.4-10, p. 4.4-22"
11,20/21,1007,12,LIRR,"Moynihan Station EA, Table 4.4-10, p. 4.4-22"
