osm_way,platform,name,railway,level,outline,length_ft,area_sq_ft,width_ft
839499312,,,,,yes,131,1242,9.5
739454531,,34th Street - Penn Station,platform,-1,yes,660,7976,12.1
739454532,,34th Street - Penn Station,platform,-1,yes,660,7954,12.0
739454535,,34th Street - Penn Station,platform,-1,yes,660,17302,26.2
525428779,,34th-Street - Penn Station,platform,-1,yes,512,5354,10.5
525428786,,34th-Street - Penn Station,platform,-1,yes,512,5348,10.4
525428787,,34th-Street - Penn Station,platform,-1,yes,518,8341,16.1
571475060,,Mail Platform,platform,-3,yes,659,16879,25.6
571475063,1,,platform,-3,yes,780,15122,19.4
571475053,10,,platform,-3,yes,1101,34975,31.8
571475052,11,,platform,-3,yes,978,15972,16.3
571475062,2,,platform,-3,yes,782,14230,18.2
571475061,3,,platform,-3,yes,894,18215,20.4
571475059,4,,platform,-3,yes,1158,22442,19.4
571475058,5,,platform,-3,yes,1526,27623,18.1
571475057,6,,platform,-3,yes,1512,25606,16.9
571475056,7,,platform,-3,yes,1526,27386,17.9
571475055,8,,platform,-3,yes,1182,20581,17.4
571475054,9,,platform,-3,yes,1094,19160,17.5
