platform,track_numbers,max_cars,source
1,1/2,9,https://www.railfanguides.us/ny/penntonewrochelle/PennStationLayout1.jpg
2,3/4,9,https://www.railfanguides.us/ny/penntonewrochelle/PennStationLayout1.jpg
3,5/6,10,https://www.railfanguides.us/ny/penntonewrochelle/PennStationLayout1.jpg
4,7/8,13,https://www.railfanguides.us/ny/penntonewrochelle/PennStationLayout1.jpg
5,9/10,17,https://www.railfanguides.us/ny/penntonewrochelle/PennStationLayout1.jpg
6,11/12,17,https://www.railfanguides.us/ny/penntonewrochelle/PennStationLayout1.jpg
7,13/14,17,https://www.railfanguides.us/ny/penntonewrochelle/PennStationLayout1.jpg
8,15/16,13,https://www.railfanguides.us/ny/penntonewrochelle/PennStationLayout1.jpg
9,17,12,https://www.railfanguides.us/ny/penntonewrochelle/PennStationLayout1.jpg
10,18/19,12,https://www.railfanguides.us/ny/penntonewrochelle/PennStationLayout1.jpg
11,20/21,12,https://www.railfanguides.us/ny/penntonewrochelle/PennStationLayout1.jpg
