alternative,source,platform,vce_number,width_in,type,status
1,draft-2020-08-p16,11,1,38,escalator,new
1,draft-2020-08-p16,11,2,64,stair,existing
1,draft-2020-08-p16,11,3,78,stair,existing
1,draft-2020-08-p16,11,4,78,stair,existing
1,draft-2020-08-p16,11,5,78,stair,new
1,draft-2020-08-p16,11,6,34,escalator,existing
1,draft-2020-08-p16,11,7,60,stair,existing
1,draft-2020-08-p16,11,8,73,stair,existing
1,draft-2020-08-p16,11,9,73,stair,existing
1,draft-2020-08-p16,10,1,38,escalator,existing
1,draft-2020-08-p16,10,2,92,stair,existing
1,draft-2020-08-p16,10,3,108,stair,existing
1,draft-2020-08-p16,10,4,34,escalator,new
1,draft-2020-08-p16,10,5,90,stair,new
1,draft-2020-08-p16,10,6,118,stair,new
1,draft-2020-08-p16,10,7,222,stair,new
1,draft-2020-08-p16,10,8,94,stair,existing
1,draft-2020-08-p16,10,9,108,stair,existing
1,draft-2020-08-p16,9,1,60,stair,existing
1,draft-2020-08-p16,9,2,72,stair,existing
1,draft-2020-08-p16,9,3,34,escalator,new
1,draft-2020-08-p16,9,4,62,stair,new
1,draft-2020-08-p16,9,5,62,stair,new
1,draft-2020-08-p16,9,6,32,escalator,new
1,draft-2020-08-p16,9,7,68,stair,existing
1,draft-2020-08-p16,8,1,34,escalator,existing
1,draft-2020-08-p16,8,2,66,stair,new
1,draft-2020-08-p16,8,3,58,stair,existing
1,draft-2020-08-p16,8,4,34,escalator,new
1,draft-2020-08-p16,8,5,60,stair,new
1,draft-2020-08-p16,8,6,60,stair,new
1,draft-2020-08-p16,8,7,60,stair,new
1,draft-2020-08-p16,7,1,34,escalator,existing
1,draft-2020-08-p16,7,2,57,stair,new
1,draft-2020-08-p16,7,3,58,stair,existing
1,draft-2020-08-p16,7,4,34,escalator,new
1,draft-2020-08-p16,7,5,60,stair,new
1,draft-2020-08-p16,7,6,60,stair,new
1,draft-2020-08-p16,7,7,60,stair,new
1,draft-2020-08-p16,6,1,34,escalator,existing
1,draft-2020-08-p16,6,2,49,stair,new
1,draft-2020-08-p16,6,3,50,stair,existing
1,draft-2020-08-p16,6,4,34,escalator,new
1,draft-2020-08-p16,6,5,54,stair,new
1,draft-2020-08-p16,6,6,54,stair,new
1,draft-2020-08-p16,6,7,54,stair,new
1,draft-2020-08-p16,6,8,54,stair,new
1,draft-2020-08-p16,6,9,54,stair,new
1,draft-2020-08-p16,5,1,34,escalator,existing
1,draft-2020-08-p16,5,2,54,stair,new
1,draft-2020-08-p16,5,3,64,stair,new
1,draft-2020-08-p16,5,4,34,escalator,new
1,draft-2020-08-p16,5,5,60,stair,new
1,draft-2020-08-p16,5,6,60,stair,new
1,draft-2020-08-p16,5,7,60,stair,new
1,draft-2020-08-p16,5,8,44,stair,new
1,draft-2020-08-p16,5,9,44,stair,new
1,draft-2020-08-p16,4,1,34,escalator,existing
1,draft-2020-08-p16,4,2,64,stair,new
1,draft-2020-08-p16,4,3,72,stair,existing
1,draft-2020-08-p16,4,4,34,escalator,new
1,draft-2020-08-p16,4,5,60,stair,new
1,draft-2020-08-p16,4,6,60,stair,new
1,draft-2020-08-p16,4,7,86,stair,new
1,draft-2020-08-p16,4,8,44,stair,new
1,draft-2020-08-p16,3,1,69,stair,existing
1,draft-2020-08-p16,3,2,52,stair,existing
1,draft-2020-08-p16,3,3,34,escalator,existing
1,draft-2020-08-p16,3,4,75,stair,new
1,draft-2020-08-p16,3,5,75,stair,new
1,draft-2020-08-p16,3,6,75,stair,new
1,draft-2020-08-p16,3,7,32,escalator,new
1,draft-2020-08-p16,2,1,64,stair,existing
1,draft-2020-08-p16,2,2,57,stair,existing
1,draft-2020-08-p16,2,3,34,escalator,existing
1,draft-2020-08-p16,2,4,88,stair,new
1,draft-2020-08-p16,2,5,88,stair,new
1,draft-2020-08-p16,2,6,86,stair,new
1,draft-2020-08-p16,2,7,40,escalator,new
1,draft-2020-08-p16,2,8,46,escalator,existing
1,draft-2020-08-p16,2,9,52,stair,existing
1,draft-2020-08-p16,1,1,60,stair,existing
1,draft-2020-08-p16,1,2,58,stair,existing
1,draft-2020-08-p16,1,3,40,escalator,new
1,draft-2020-08-p16,1,4,57,stair,new
1,draft-2020-08-p16,1,5,57,stair,new
1,draft-2020-08-p16,1,6,57,stair,new
1,draft-2020-08-p16,1,7,46,escalator,existing
1,draft-2020-08-p16,1,8,44,stair,existing
1,draft-2020-08-p16,1,9,46,escalator,existing
1,draft-2020-08-p16,1,10,52,stair,existing
2,draft-2020-08-p28,11,1,38,escalator,new
2,draft-2020-08-p28,11,2,64,stair,existing
2,draft-2020-08-p28,11,3,78,stair,existing
2,draft-2020-08-p28,11,4,78,stair,new
2,draft-2020-08-p28,11,5,78,stair,new
2,draft-2020-08-p28,11,6,34,escalator,existing
2,draft-2020-08-p28,11,7,60,stair,existing
2,draft-2020-08-p28,11,8,73,stair,existing
2,draft-2020-08-p28,11,9,73,stair,existing
2,draft-2020-08-p28,10,1,38,escalator,existing
2,draft-2020-08-p28,10,2,92,stair,existing
2,draft-2020-08-p28,10,3,108,stair,existing
2,draft-2020-08-p28,10,4,34,escalator,new
2,draft-2020-08-p28,10,5,90,stair,new
2,draft-2020-08-p28,10,6,118,stair,new
2,draft-2020-08-p28,10,7,222,stair,new
2,draft-2020-08-p28,10,8,94,stair,existing
2,draft-2020-08-p28,10,9,108,stair,existing
2,draft-2020-08-p28,9,1,60,stair,existing
2,draft-2020-08-p28,9,2,72,stair,existing
2,draft-2020-08-p28,9,3,34,escalator,new
2,draft-2020-08-p28,9,4,62,stair,new
2,draft-2020-08-p28,9,5,62,stair,new
2,draft-2020-08-p28,9,6,32,escalator,new
2,draft-2020-08-p28,9,7,68,stair,existing
2,draft-2020-08-p28,8,1,34,escalator,existing
2,draft-2020-08-p28,8,2,66,stair,new
2,draft-2020-08-p28,8,3,58,stair,existing
2,draft-2020-08-p28,8,4,34,escalator,new
2,draft-2020-08-p28,8,5,60,stair,new
2,draft-2020-08-p28,8,6,60,stair,new
2,draft-2020-08-p28,8,7,60,stair,new
2,draft-2020-08-p28,7,1,34,escalator,existing
2,draft-2020-08-p28,7,2,57,stair,new
2,draft-2020-08-p28,7,3,58,stair,existing
2,draft-2020-08-p28,7,4,34,escalator,new
2,draft-2020-08-p28,7,5,60,stair,new
2,draft-2020-08-p28,7,6,60,stair,new
2,draft-2020-08-p28,7,7,60,stair,new
2,draft-2020-08-p28,6,1,34,escalator,existing
2,draft-2020-08-p28,6,2,49,stair,new
2,draft-2020-08-p28,6,3,50,stair,existing
2,draft-2020-08-p28,6,4,34,escalator,new
2,draft-2020-08-p28,6,5,54,stair,new
2,draft-2020-08-p28,6,6,54,stair,new
2,draft-2020-08-p28,6,7,54,stair,new
2,draft-2020-08-p28,6,8,54,stair,new
2,draft-2020-08-p28,6,9,54,stair,new
2,draft-2020-08-p28,5,1,34,escalator,existing
2,draft-2020-08-p28,5,2,54,stair,new
2,draft-2020-08-p28,5,3,64,stair,new
2,draft-2020-08-p28,5,4,34,escalator,new
2,draft-2020-08-p28,5,5,60,stair,new
2,draft-2020-08-p28,5,6,60,stair,new
2,draft-2020-08-p28,5,7,60,stair,new
2,draft-2020-08-p28,5,8,44,stair,new
2,draft-2020-08-p28,5,9,44,stair,new
2,draft-2020-08-p28,4,1,34,escalator,existing
2,draft-2020-08-p28,4,2,64,stair,new
2,draft-2020-08-p28,4,3,72,stair,existing
2,draft-2020-08-p28,4,4,34,escalator,new
2,draft-2020-08-p28,4,5,60,stair,new
2,draft-2020-08-p28,4,6,60,stair,new
2,draft-2020-08-p28,4,7,86,stair,new
2,draft-2020-08-p28,4,8,44,stair,new
2,draft-2020-08-p28,3,1,34,escalator,existing
2,draft-2020-08-p28,3,2,69,stair,existing
2,draft-2020-08-p28,3,3,52,stair,existing
2,draft-2020-08-p28,3,4,34,escalator,existing
2,draft-2020-08-p28,3,5,75,stair,new
2,draft-2020-08-p28,3,6,75,stair,new
2,draft-2020-08-p28,3,7,75,stair,new
2,draft-2020-08-p28,3,8,44,stair,new
2,draft-2020-08-p28,2,1,34,escalator,new
2,draft-2020-08-p28,2,2,64,stair,existing
2,draft-2020-08-p28,2,3,57,stair,existing
2,draft-2020-08-p28,2,4,88,stair,new
2,draft-2020-08-p28,2,5,88,stair,new
2,draft-2020-08-p28,2,6,86,stair,new
2,draft-2020-08-p28,2,7,40,escalator,new
2,draft-2020-08-p28,2,8,46,escalator,existing
2,draft-2020-08-p28,2,9,52,stair,existing
2,draft-2020-08-p28,1,1,60,escalator,existing
2,draft-2020-08-p28,1,2,40,stair,new
2,draft-2020-08-p28,1,3,58,stair,existing
2,draft-2020-08-p28,1,4,57,stair,new
2,draft-2020-08-p28,1,5,57,stair,new
2,draft-2020-08-p28,1,6,57,stair,new
2,draft-2020-08-p28,1,7,46,escalator,new
2,draft-2020-08-p28,1,8,57,stair,new
2,draft-2020-08-p28,1,9,46,escalator,existing
2,draft-2020-08-p28,1,10,52,stair,existing
3,final-2021-04-p117,11,1,38,escalator,new
3,final-2021-04-p117,11,2,64,stair,existing
3,final-2021-04-p117,11,3,78,stair,existing
3,final-2021-04-p117,11,4,78,stair,new
3,final-2021-04-p117,11,5,78,stair,new
3,final-2021-04-p117,11,6,34,escalator,existing
3,final-2021-04-p117,11,7,60,stair,existing
3,final-2021-04-p117,11,8,73,stair,existing
3,final-2021-04-p117,11,9,73,stair,existing
3,final-2021-04-p117,10,1,38,escalator,existing
3,final-2021-04-p117,10,2,92,stair,existing
3,final-2021-04-p117,10,3,108,stair,existing
3,final-2021-04-p117,10,4,34,escalator,new
3,final-2021-04-p117,10,5,90,stair,new
3,final-2021-04-p117,10,6,118,stair,new
3,final-2021-04-p117,10,7,120,stair,new
3,final-2021-04-p117,10,8,60,stair,new
3,final-2021-04-p117,10,9,108,stair,existing
3,final-2021-04-p117,9,1,40,escalator,new
3,final-2021-04-p117,9,2,66,stair,existing
3,final-2021-04-p117,9,3,72,stair,existing
3,final-2021-04-p117,9,4,62,stair,new
3,final-2021-04-p117,9,5,62,stair,new
3,final-2021-04-p117,9,6,32,escalator,new
3,final-2021-04-p117,9,7,60,stair,new
3,final-2021-04-p117,9,8,68,stair,existing
3,final-2021-04-p117,8,1,40,escalator,new
3,final-2021-04-p117,8,2,66,stair,new
3,final-2021-04-p117,8,3,58,stair,existing
3,final-2021-04-p117,8,4,58,stair,new
3,final-2021-04-p117,8,5,60,stair,new
3,final-2021-04-p117,8,6,60,stair,new
3,final-2021-04-p117,8,7,40,escalator,new
3,final-2021-04-p117,8,8,60,stair,new
3,final-2021-04-p117,7,1,40,escalator,new
3,final-2021-04-p117,7,2,57,stair,new
3,final-2021-04-p117,7,3,58,stair,existing
3,final-2021-04-p117,7,4,58,stair,new
3,final-2021-04-p117,7,5,60,stair,new
3,final-2021-04-p117,7,6,60,stair,new
3,final-2021-04-p117,7,7,40,escalator,new
3,final-2021-04-p117,7,8,60,stair,new
3,final-2021-04-p117,6,1,40,escalator,new
3,final-2021-04-p117,6,2,54,stair,new
3,final-2021-04-p117,6,3,40,escalator,new
3,final-2021-04-p117,6,4,54,stair,new
3,final-2021-04-p117,6,5,54,stair,new
3,final-2021-04-p117,6,6,54,stair,new
3,final-2021-04-p117,6,7,54,stair,new
3,final-2021-04-p117,6,8,54,stair,new
3,final-2021-04-p117,6,9,54,stair,new
3,final-2021-04-p117,5,1,40,escalator,new
3,final-2021-04-p117,5,2,54,stair,new
3,final-2021-04-p117,5,3,64,stair,new
3,final-2021-04-p117,5,4,64,stair,new
3,final-2021-04-p117,5,5,60,stair,new
3,final-2021-04-p117,5,6,60,stair,new
3,final-2021-04-p117,5,7,60,stair,new
3,final-2021-04-p117,5,8,40,escalator,new
3,final-2021-04-p117,5,9,44,stair,new
3,final-2021-04-p117,4,1,40,escalator,new
3,final-2021-04-p117,4,2,64,stair,new
3,final-2021-04-p117,4,3,72,stair,existing
3,final-2021-04-p117,4,4,72,stair,new
3,final-2021-04-p117,4,5,60,stair,new
3,final-2021-04-p117,4,6,60,stair,new
3,final-2021-04-p117,4,7,86,stair,new
3,final-2021-04-p117,4,8,40,escalator,new
3,final-2021-04-p117,3,1,40,escalator,new
3,final-2021-04-p117,3,2,68,stair,existing
3,final-2021-04-p117,3,3,52,stair,new
3,final-2021-04-p117,3,4,75,stair,new
3,final-2021-04-p117,3,5,75,stair,new
3,final-2021-04-p117,3,6,75,stair,new
3,final-2021-04-p117,3,7,32,escalator,new
3,final-2021-04-p117,2,1,64,escalator,new
3,final-2021-04-p117,2,2,40,escalator,new
3,final-2021-04-p117,2,3,57,stair,new
3,final-2021-04-p117,2,4,60,stair,new
3,final-2021-04-p117,2,5,88,stair,new
3,final-2021-04-p117,2,6,86,stair,new
3,final-2021-04-p117,2,7,40,escalator,new
3,final-2021-04-p117,2,8,46,escalator,existing
3,final-2021-04-p117,2,9,52,stair,existing
3,final-2021-04-p117,1,1,60,escalator,existing
3,final-2021-04-p117,1,2,40,escalator,new
3,final-2021-04-p117,1,3,58,stair,existing
3,final-2021-04-p117,1,4,57,stair,new
3,final-2021-04-p117,1,5,57,stair,new
3,final-2021-04-p117,1,6,57,stair,new
3,final-2021-04-p117,1,7,46,escalator,existing
3,final-2021-04-p117,1,8,57,stair,new
3,final-2021-04-p117,1,9,46,escalator,existing
3,final-2021-04-p117,1,10,52,stair,existing
3,draft-2020-08-p40,11,1,38,escalator,new
3,draft-2020-08-p40,11,2,64,stair,existing
3,draft-2020-08-p40,11,3,78,stair,existing
3,draft-2020-08-p40,11,4,78,stair,new
3,draft-2020-08-p40,11,5,78,stair,new
3,draft-2020-08-p40,11,6,34,escalator,existing
3,draft-2020-08-p40,11,7,60,stair,existing
3,draft-2020-08-p40,11,8,73,stair,existing
3,draft-2020-08-p40,11,9,73,stair,existing
3,draft-2020-08-p40,10,1,38,escalator,existing
3,draft-2020-08-p40,10,2,92,stair,existing
3,draft-2020-08-p40,10,3,108,stair,existing
3,draft-2020-08-p40,10,4,34,escalator,new
3,draft-2020-08-p40,10,5,90,stair,new
3,draft-2020-08-p40,10,6,118,stair,new
3,draft-2020-08-p40,10,7,120,stair,new
3,draft-2020-08-p40,10,8,94,stair,existing
3,draft-2020-08-p40,10,9,108,stair,existing
3,draft-2020-08-p40,9,1,40,escalator,new
3,draft-2020-08-p40,9,2,66,stair,new
3,draft-2020-08-p40,9,3,72,stair,existing
3,draft-2020-08-p40,9,4,62,stair,new
3,draft-2020-08-p40,9,5,62,stair,new
3,draft-2020-08-p40,9,6,32,escalator,new
3,draft-2020-08-p40,9,7,68,stair,existing
3,draft-2020-08-p40,8,1,40,escalator,new
3,draft-2020-08-p40,8,2,66,stair,new
3,draft-2020-08-p40,8,3,58,stair,existing
3,draft-2020-08-p40,8,4,58,stair,new
3,draft-2020-08-p40,8,5,60,stair,new
3,draft-2020-08-p40,8,6,60,stair,new
3,draft-2020-08-p40,8,7,40,escalator,new
3,draft-2020-08-p40,8,8,60,stair,new
3,draft-2020-08-p40,7,1,40,escalator,new
3,draft-2020-08-p40,7,2,57,stair,new
3,draft-2020-08-p40,7,3,58,stair,existing
3,draft-2020-08-p40,7,4,58,stair,new
3,draft-2020-08-p40,7,5,60,stair,new
3,draft-2020-08-p40,7,6,60,stair,new
3,draft-2020-08-p40,7,7,40,escalator,new
3,draft-2020-08-p40,7,8,60,stair,new
3,draft-2020-08-p40,6,1,40,escalator,new
3,draft-2020-08-p40,6,2,54,stair,new
3,draft-2020-08-p40,6,3,40,escalator,new
3,draft-2020-08-p40,6,4,54,stair,existing
3,draft-2020-08-p40,6,5,54,stair,new
3,draft-2020-08-p40,6,6,54,stair,new
3,draft-2020-08-p40,6,7,54,stair,new
3,draft-2020-08-p40,6,8,54,stair,new
3,draft-2020-08-p40,6,9,54,stair,new
3,draft-2020-08-p40,5,1,40,escalator,new
3,draft-2020-08-p40,5,2,54,stair,new
3,draft-2020-08-p40,5,3,64,stair,new
3,draft-2020-08-p40,5,4,64,stair,new
3,draft-2020-08-p40,5,5,60,stair,new
3,draft-2020-08-p40,5,6,60,stair,new
3,draft-2020-08-p40,5,7,60,stair,new
3,draft-2020-08-p40,5,8,40,escalator,new
3,draft-2020-08-p40,5,9,44,stair,new
3,draft-2020-08-p40,4,1,40,escalator,new
3,draft-2020-08-p40,4,2,64,stair,new
3,draft-2020-08-p40,4,3,72,stair,existing
3,draft-2020-08-p40,4,4,72,stair,new
3,draft-2020-08-p40,4,5,60,stair,new
3,draft-2020-08-p40,4,6,60,stair,new
3,draft-2020-08-p40,4,7,86,stair,new
3,draft-2020-08-p40,4,8,40,escalator,new
3,draft-2020-08-p40,3,1,40,escalator,new
3,draft-2020-08-p40,3,2,68,stair,existing
3,draft-2020-08-p40,3,3,52,stair,new
3,draft-2020-08-p40,3,4,75,stair,new
3,draft-2020-08-p40,3,5,75,stair,new
3,draft-2020-08-p40,3,6,75,stair,new
3,draft-2020-08-p40,3,7,32,escalator,new
3,draft-2020-08-p40,2,1,64,escalator,new
3,draft-2020-08-p40,2,2,40,escalator,new
3,draft-2020-08-p40,2,3,57,stair,new
3,draft-2020-08-p40,2,4,60,stair,new
3,draft-2020-08-p40,2,5,88,stair,new
3,draft-2020-08-p40,2,6,86,stair,new
3,draft-2020-08-p40,2,7,40,escalator,new
3,draft-2020-08-p40,2,8,46,escalator,existing
3,draft-2020-08-p40,2,9,52,stair,existing
3,draft-2020-08-p40,1,1,60,stair,existing
3,draft-2020-08-p40,1,2,40,escalator,new
3,draft-2020-08-p40,1,3,58,stair,existing
3,draft-2020-08-p40,1,4,57,stair,new
3,draft-2020-08-p40,1,5,57,stair,new
3,draft-2020-08-p40,1,6,57,stair,new
3,draft-2020-08-p40,1,7,46,escalator,new
3,draft-2020-08-p40,1,8,57,stair,new
3,draft-2020-08-p40,1,9,46,escalator,existing
3,draft-2020-08-p40,1,10,52,stair,existing
4,draft-2020-08-p52,11,1,38,escalator,new
4,draft-2020-08-p52,11,2,64,stair,existing
4,draft-2020-08-p52,11,3,78,stair,existing
4,draft-2020-08-p52,11,4,78,stair,new
4,draft-2020-08-p52,11,5,78,stair,new
4,draft-2020-08-p52,11,6,34,escalator,existing
4,draft-2020-08-p52,11,7,60,stair,existing
4,draft-2020-08-p52,11,8,73,stair,existing
4,draft-2020-08-p52,11,9,73,stair,existing
4,draft-2020-08-p52,10,1,38,escalator,existing
4,draft-2020-08-p52,10,2,92,stair,existing
4,draft-2020-08-p52,10,3,108,stair,existing
4,draft-2020-08-p52,10,4,34,escalator,new
4,draft-2020-08-p52,10,5,90,stair,new
4,draft-2020-08-p52,10,6,118,stair,new
4,draft-2020-08-p52,10,7,120,stair,new
4,draft-2020-08-p52,10,8,94,stair,existing
4,draft-2020-08-p52,10,9,108,stair,existing
4,draft-2020-08-p52,9,1,40,escalator,new
4,draft-2020-08-p52,9,2,66,stair,new
4,draft-2020-08-p52,9,3,72,stair,existing
4,draft-2020-08-p52,9,4,62,stair,new
4,draft-2020-08-p52,9,5,62,stair,new
4,draft-2020-08-p52,9,6,32,escalator,new
4,draft-2020-08-p52,9,7,68,stair,existing
4,draft-2020-08-p52,8,1,40,escalator,new
4,draft-2020-08-p52,8,2,66,stair,new
4,draft-2020-08-p52,8,3,58,stair,existing
4,draft-2020-08-p52,8,4,58,stair,new
4,draft-2020-08-p52,8,5,60,stair,new
4,draft-2020-08-p52,8,6,60,stair,new
4,draft-2020-08-p52,8,7,40,escalator,new
4,draft-2020-08-p52,8,8,60,stair,new
4,draft-2020-08-p52,7,1,40,escalator,new
4,draft-2020-08-p52,7,2,57,stair,new
4,draft-2020-08-p52,7,3,58,stair,existing
4,draft-2020-08-p52,7,4,58,stair,new
4,draft-2020-08-p52,7,5,60,stair,new
4,draft-2020-08-p52,7,6,60,stair,new
4,draft-2020-08-p52,7,7,40,escalator,new
4,draft-2020-08-p52,7,8,60,stair,new
4,draft-2020-08-p52,6,1,40,escalator,new
4,draft-2020-08-p52,6,2,54,stair,new
4,draft-2020-08-p52,6,3,40,escalator,new
4,draft-2020-08-p52,6,4,54,stair,existing
4,draft-2020-08-p52,6,5,54,stair,new
4,draft-2020-08-p52,6,6,54,stair,new
4,draft-2020-08-p52,6,7,54,stair,new
4,draft-2020-08-p52,6,8,54,stair,new
4,draft-2020-08-p52,6,9,54,stair,new
4,draft-2020-08-p52,5,1,40,escalator,new
4,draft-2020-08-p52,5,2,54,stair,new
4,draft-2020-08-p52,5,3,64,stair,new
4,draft-2020-08-p52,5,4,64,stair,new
4,draft-2020-08-p52,5,5,60,stair,new
4,draft-2020-08-p52,5,6,60,stair,new
4,draft-2020-08-p52,5,7,60,stair,new
4,draft-2020-08-p52,5,8,40,escalator,new
4,draft-2020-08-p52,5,9,44,stair,new
4,draft-2020-08-p52,4,1,40,escalator,new
4,draft-2020-08-p52,4,2,64,stair,new
4,draft-2020-08-p52,4,3,72,stair,existing
4,draft-2020-08-p52,4,4,72,stair,new
4,draft-2020-08-p52,4,5,60,stair,new
4,draft-2020-08-p52,4,6,60,stair,new
4,draft-2020-08-p52,4,7,86,stair,new
4,draft-2020-08-p52,4,8,40,escalator,new
4,draft-2020-08-p52,3,1,40,escalator,new
4,draft-2020-08-p52,3,2,68,stair,existing
4,draft-2020-08-p52,3,3,52,stair,new
4,draft-2020-08-p52,3,4,75,stair,new
4,draft-2020-08-p52,3,5,75,stair,new
4,draft-2020-08-p52,3,6,75,stair,new
4,draft-2020-08-p52,3,7,32,escalator,new
4,draft-2020-08-p52,2,1,64,escalator,new
4,draft-2020-08-p52,2,2,40,escalator,new
4,draft-2020-08-p52,2,3,57,stair,new
4,draft-2020-08-p52,2,4,60,stair,new
4,draft-2020-08-p52,2,5,88,stair,new
4,draft-2020-08-p52,2,6,86,stair,new
4,draft-2020-08-p52,2,7,40,escalator,new
4,draft-2020-08-p52,2,8,46,escalator,existing
4,draft-2020-08-p52,2,9,52,stair,existing
4,draft-2020-08-p52,1,1,60,stair,existing
4,draft-2020-08-p52,1,2,40,escalator,new
4,draft-2020-08-p52,1,3,58,stair,existing
4,draft-2020-08-p52,1,4,57,stair,new
4,draft-2020-08-p52,1,5,57,stair,new
4,draft-2020-08-p52,1,6,57,stair,new
4,draft-2020-08-p52,1,7,46,escalator,new
4,draft-2020-08-p52,1,8,57,stair,new
4,draft-2020-08-p52,1,9,46,escalator,existing
4,draft-2020-08-p52,1,10,52,stair,existing
