vce_name,platform,track_numbers,source,expected_type,expected_width_in,expected_width_source,directory_level,directory_map_x,midpoint_ft,found,type,clear_width_in,escalator_step_width_in,escalator_direction_am_peak,escalator_direction_pm_peak,nearest_column_number,distance_from_east_end_ft,leads_to,obstructions,photos,notes
P3-S1,3,5/6,Moynihan Station EA plan,escalator,40,estimated,,,-126,,,,,,,,,,,,
P3-S2,3,5/6,PCIP Phase 2 existing plan,stair,107,estimated,,,-72,,,,,,,,,,,,
P3-S3,3,5/6,PCIP Phase 2 existing plan,stair,120,estimated,,,0,,,,,,,,,,,,
P3-S4,3,5/6,PCIP Phase 1 existing plan,escalator,34,master_plan,,,228,,,,,,,,,,,,
P3-S5,3,5/6,PCIP Phase 2 existing plan,escalator,37,estimated,,,274,,,,,,,,,,,,
P3-S6,3,5/6,PCIP Phase 2 existing plan,stair,52,master_plan,,,362,,,,,,,,,,,,
P3-S7,3,5/6,PCIP Phase 2 existing plan,escalator,34,master_plan,,,390,,,,,,,,,,,,
P3-S8,3,5/6,PCIP Phase 2 existing plan,stair,61,estimated,,,484,,,,,,,,,,,,
P3-S9,3,5/6,PCIP Phase 2 existing plan,stair,60,estimated,,,548,,,,,,,,,,,,
P3-S10,3,5/6,PCIP Phase 2 existing plan,stair,44,estimated,,,662,,,,,,,,,,,,
P3-D1,3,5/6,2022 directory,stair,,,lower,876,,,,,,,,,,,,,
P3-D2,3,5/6,2022 directory,stair,,,lower,938,,,,,,,,,,,,,
P3-D3,3,5/6,2022 directory,stair,,,lower,1266,,,,,,,,,,,,,
P3-D4,3,5/6,2022 directory,elevator,,,lower,1317,,,,,,,,,,,,,
P3-D5,3,5/6,2022 directory,stair,,,lower,1376,,,,,,,,,,,,,
P3-D6,3,5/6,2022 directory,stair,,,lower,1937,,,,,,,,,,,,,
P3-D7,3,5/6,2022 directory,escalator,,,upper,1243,,,,,,,,,,,,,
P3-D8,3,5/6,2022 directory,escalator,,,upper,1392,,,,,,,,,,,,,
P3-D9,3,5/6,2022 directory,elevator,,,upper,1861,,,,,,,,,,,,,
P3-D10,3,5/6,2022 directory,stair,,,upper,1983,,,,,,,,,,,,,
P3-M1,3,5/6,Master Plan,escalator,34,master_plan,,,230,,,,,,,,,,,,
P3-M2,3,5/6,Master Plan,stair,69,master_plan,,,278,,,,,,,,,,,,
P3-M3,3,5/6,Master Plan,stair,52,master_plan,,,358,,,,,,,,,,,,
P3-M4,3,5/6,Master Plan,escalator,34,master_plan,,,392,,,,,,,,,,,,
P3-M5,3,5/6,Master Plan,stair,44,master_plan,,,684,,,,,,,,,,,,
P11-S1,11,20/21,PCIP Phase 1 existing plan,stair,52,estimated,,,11,,,,,,,,,,,,
P11-S2,11,20/21,PCIP Phase 1 existing plan,stair,59,estimated,,,276,,,,,,,,,,,,
P11-S3,11,20/21,"2022 directory, positioned",stair,60,typical,,,337,,,,,,,,,,,,
P11-S4,11,20/21,PCIP Phase 1 existing plan,stair,69,estimated,,,420,,,,,,,,,,,,
P11-S5,11,20/21,"2022 directory, positioned",stair,60,typical,,,487,,,,,,,,,,,,
P11-S6,11,20/21,PCIP Phase 1 existing plan,stair,62,estimated,,,548,,,,,,,,,,,,
P11-S7,11,20/21,PCIP Phase 1 existing plan,escalator,39,estimated,,,628,,,,,,,,,,,,
P11-S8,11,20/21,PCIP Phase 1 existing plan,stair,69,estimated,,,703,,,,,,,,,,,,
P11-S9,11,20/21,PCIP Phase 1 existing plan,stair,69,estimated,,,892,,,,,,,,,,,,
P11-D1,11,20/21,2022 directory,elevator,,,lower,877,,,,,,,,,,,,,
P11-D2,11,20/21,2022 directory,escalator,,,lower,946,,,,,,,,,,,,,
P11-D3,11,20/21,2022 directory,stair,,,lower,1163,,,,,,,,,,,,,
P11-D4,11,20/21,2022 directory,stair,,,lower,1475,,,,,,,,,,,,,
P11-D5,11,20/21,2022 directory,elevator,,,lower,1591,,,,,,,,,,,,,
P11-D6,11,20/21,2022 directory,stair,,,lower,1687,,,,,,,,,,,,,
P11-D7,11,20/21,2022 directory,stair,,,lower,1876,,,,,,,,,,,,,
P11-D8,11,20/21,2022 directory,stair,,,lower,2281,,,,,,,,,,,,,
P1-S1,1,1/2,PCIP Phase 2 existing plan,stair,60,master_plan,,,273,,,,,,,,,,,,
P1-S2,1,1/2,PCIP Phase 2 existing plan,stair,58,master_plan,,,371,,,,,,,,,,,,
P1-S3,1,1/2,PCIP Phase 2 existing plan,stair,58,master_plan,,,410,,,,,,,,,,,,
P1-S4,1,1/2,PCIP Phase 2 existing plan,stair,59,estimated,,,482,,,,,,,,,,,,
P1-S5,1,1/2,PCIP Phase 2 existing plan,stair,60,estimated,,,549,,,,,,,,,,,,
P1-S6,1,1/2,PCIP Phase 2 existing plan,escalator,46,master_plan,,,674,,,,,,,,,,,,
P1-S7,1,1/2,PCIP Phase 2 existing plan,escalator,34,estimated,,,798,,,,,,,,,,,,
P1-S8,1,1/2,PCIP Phase 2 existing plan,stair,49,estimated,,,842,,,,,,,,,,,,
P1-D1,1,1/2,2022 directory,stair,,,lower,1266,,,,,,,,,,,,,
P1-D2,1,1/2,2022 directory,elevator,,,lower,1315,,,,,,,,,,,,,
P1-D3,1,1/2,2022 directory,stair,,,lower,1376,,,,,,,,,,,,,
P1-D4,1,1/2,2022 directory,stair,,,lower,1937,,,,,,,,,,,,,
P1-D5,1,1/2,2022 directory,stair,,,lower,2055,,,,,,,,,,,,,
P1-D6,1,1/2,2022 directory,elevator,,,upper,1862,,,,,,,,,,,,,
P1-D7,1,1/2,2022 directory,stair,,,upper,1983,,,,,,,,,,,,,
P1-D8,1,1/2,2022 directory,stair,,,upper,2053,,,,,,,,,,,,,
P1-M1,1,1/2,Master Plan,stair,60,master_plan,,,277,,,,,,,,,,,,
P1-M2,1,1/2,Master Plan,stair,58,master_plan,,,365,,,,,,,,,,,,
P1-M3,1,1/2,Master Plan,stair,58,master_plan,,,403,,,,,,,,,,,,
P1-M4,1,1/2,Master Plan,escalator,46,master_plan,,,688,,,,,,,,,,,,
P1-M5,1,1/2,Master Plan,stair,44/57,master_plan,,,689,,,,,,,,,,,,
P1-M6,1,1/2,Master Plan,escalator,46,master_plan,,,774,,,,,,,,,,,,
P1-M7,1,1/2,Master Plan,stair,52,master_plan,,,776,,,,,,,,,,,,
P2-S1,2,3/4,PCIP Phase 2 existing plan,stair,64,master_plan,,,268,,,,,,,,,,,,
P2-S2,2,3/4,PCIP Phase 2 existing plan,stair,57,master_plan,,,362,,,,,,,,,,,,
P2-S3,2,3/4,PCIP Phase 2 existing plan,escalator,34,master_plan,,,390,,,,,,,,,,,,
P2-S4,2,3/4,PCIP Phase 2 existing plan,stair,58,estimated,,,484,,,,,,,,,,,,
P2-S5,2,3/4,PCIP Phase 2 existing plan,stair,60,estimated,,,548,,,,,,,,,,,,
P2-S6,2,3/4,PCIP Phase 2 existing plan,escalator,34,estimated,,,668,,,,,,,,,,,,
P2-S7,2,3/4,PCIP Phase 2 existing plan,escalator,36,estimated,,,698,,,,,,,,,,,,
P2-S8,2,3/4,PCIP Phase 2 existing plan,escalator,34,estimated,,,798,,,,,,,,,,,,
P2-S9,2,3/4,PCIP Phase 2 existing plan,stair,50,estimated,,,832,,,,,,,,,,,,
P2-D1,2,3/4,2022 directory,stair,,,lower,1266,,,,,,,,,,,,,
P2-D2,2,3/4,2022 directory,elevator,,,lower,1316,,,,,,,,,,,,,
P2-D3,2,3/4,2022 directory,stair,,,lower,1376,,,,,,,,,,,,,
P2-D4,2,3/4,2022 directory,stair,,,lower,1936,,,,,,,,,,,,,
P2-D5,2,3/4,2022 directory,stair,,,lower,2055,,,,,,,,,,,,,
P2-D6,2,3/4,2022 directory,stair,,,lower,2741,,,,,,,,,,,,,
P2-D7,2,3/4,2022 directory,escalator,,,upper,1392,,,,,,,,,,,,,
P2-D8,2,3/4,2022 directory,elevator,,,upper,1861,,,,,,,,,,,,,
P2-D9,2,3/4,2022 directory,stair,,,upper,1983,,,,,,,,,,,,,
P2-D10,2,3/4,2022 directory,stair,,,upper,2053,,,,,,,,,,,,,
P2-M1,2,3/4,Master Plan,stair,64,master_plan,,,278,,,,,,,,,,,,
P2-M2,2,3/4,Master Plan,stair,57,master_plan,,,358,,,,,,,,,,,,
P2-M3,2,3/4,Master Plan,escalator,34,master_plan,,,392,,,,,,,,,,,,
P2-M4,2,3/4,Master Plan,escalator,46,master_plan,,,774,,,,,,,,,,,,
P2-M5,2,3/4,Master Plan,stair,52,master_plan,,,775,,,,,,,,,,,,
P4-S1,4,7/8,Moynihan Station EA plan,escalator,40,estimated,,,-178,,,,,,,,,,,,
P4-S2,4,7/8,Moynihan Station EA plan,escalator,40,estimated,,,-126,,,,,,,,,,,,
P4-S3,4,7/8,PCIP Phase 2 existing plan,stair,121,estimated,,,0,,,,,,,,,,,,
P4-S4,4,7/8,PCIP Phase 1 existing plan,escalator,34,master_plan,,,227,,,,,,,,,,,,
P4-S5,4,7/8,PCIP Phase 2 existing plan,escalator,35,estimated,,,274,,,,,,,,,,,,
P4-S6,4,7/8,PCIP Phase 2 existing plan,stair,72,master_plan,,,364,,,,,,,,,,,,
P4-S7,4,7/8,PCIP Phase 2 existing plan,stair,60,estimated,,,416,,,,,,,,,,,,
P4-S8,4,7/8,PCIP Phase 2 existing plan,stair,58,estimated,,,487,,,,,,,,,,,,
P4-S9,4,7/8,PCIP Phase 2 existing plan,stair,57,estimated,,,548,,,,,,,,,,,,
P4-S10,4,7/8,PCIP Phase 2 existing plan,escalator,35,estimated,,,670,,,,,,,,,,,,
P4-D1,4,7/8,2022 directory,elevator,,,lower,877,,,,,,,,,,,,,
P4-D2,4,7/8,2022 directory,escalator,,,lower,939,,,,,,,,,,,,,
P4-D3,4,7/8,2022 directory,stair,,,lower,1267,,,,,,,,,,,,,
P4-D4,4,7/8,2022 directory,elevator,,,lower,1316,,,,,,,,,,,,,
P4-D5,4,7/8,2022 directory,stair,,,lower,1375,,,,,,,,,,,,,
P4-D6,4,7/8,2022 directory,stair,,,lower,1937,,,,,,,,,,,,,
P4-D7,4,7/8,2022 directory,stair,,,upper,1226,,,,,,,,,,,,,
P4-D8,4,7/8,2022 directory,stair,,,upper,1423,,,,,,,,,,,,,
P4-D9,4,7/8,2022 directory,elevator,,,upper,1861,,,,,,,,,,,,,
P4-D10,4,7/8,2022 directory,stair,,,upper,1983,,,,,,,,,,,,,
P4-M1,4,7/8,Master Plan,escalator,34,master_plan,,,230,,,,,,,,,,,,
P4-M2,4,7/8,Master Plan,stair,72,master_plan,,,364,,,,,,,,,,,,
P4-M3,4,7/8,Master Plan,escalator,34,master_plan,,,404,,,,,,,,,,,,
P4-M4,4,7/8,Master Plan,stair,44,master_plan,,,683,,,,,,,,,,,,
P5-S1,5,9/10,Moynihan Station EA plan,stair,41,estimated,,,-398,,,,,,,,,,,,
P5-S2,5,9/10,Moynihan Station EA plan,escalator,40,estimated,,,-179,,,,,,,,,,,,
P5-S3,5,9/10,Moynihan Station EA plan,escalator,40,estimated,,,-126,,,,,,,,,,,,
P5-S4,5,9/10,PCIP Phase 2 existing plan,stair,120,estimated,,,0,,,,,,,,,,,,
P5-S5,5,9/10,PCIP Phase 1 existing plan,escalator,34,master_plan,,,230,,,,,,,,,,,,
P5-S6,5,9/10,PCIP Phase 2 existing plan,escalator,34,estimated,,,274,,,,,,,,,,,,
P5-S7,5,9/10,PCIP Phase 2 existing plan,stair,63,estimated,,,380,,,,,,,,,,,,
P5-S8,5,9/10,PCIP Phase 2 existing plan,escalator,34,master_plan,,,416,,,,,,,,,,,,
P5-S9,5,9/10,PCIP Phase 2 existing plan,stair,59,estimated,,,492,,,,,,,,,,,,
P5-S10,5,9/10,PCIP Phase 2 existing plan,stair,96,estimated,,,536,,,,,,,,,,,,
P5-S11,5,9/10,PCIP Phase 2 existing plan,stair,60,estimated,,,572,,,,,,,,,,,,
P5-S12,5,9/10,PCIP Phase 2 existing plan,escalator,33,estimated,,,669,,,,,,,,,,,,
P5-S13,5,9/10,PCIP Phase 2 existing plan,escalator,33,estimated,,,758,,,,,,,,,,,,
P5-D1,5,9/10,2022 directory,elevator,,,lower,876,,,,,,,,,,,,,
P5-D2,5,9/10,2022 directory,escalator,,,lower,938,,,,,,,,,,,,,
P5-D3,5,9/10,2022 directory,stair,,,lower,1266,,,,,,,,,,,,,
P5-D4,5,9/10,2022 directory,stair,,,lower,1376,,,,,,,,,,,,,
P5-D5,5,9/10,2022 directory,elevator,,,lower,1376,,,,,,,,,,,,,
P5-D6,5,9/10,2022 directory,stair,,,lower,1937,,,,,,,,,,,,,
P5-D7,5,9/10,2022 directory,stair,,,lower,2071,,,,,,,,,,,,,
P5-D8,5,9/10,2022 directory,stair,,,upper,1226,,,,,,,,,,,,,
P5-D9,5,9/10,2022 directory,stair,,,upper,1424,,,,,,,,,,,,,
P5-D10,5,9/10,2022 directory,elevator,,,upper,1861,,,,,,,,,,,,,
P5-D11,5,9/10,2022 directory,stair,,,upper,1985,,,,,,,,,,,,,
P5-D12,5,9/10,2022 directory,stair,,,upper,2125,,,,,,,,,,,,,
P5-M1,5,9/10,Master Plan,escalator,34,master_plan,,,230,,,,,,,,,,,,
P5-M2,5,9/10,Master Plan,escalator,34,master_plan,,,410,,,,,,,,,,,,
P5-M3,5,9/10,Master Plan,stair,44,master_plan,,,683,,,,,,,,,,,,
P6-S1,6,11/12,Moynihan Station EA plan,stair,42,estimated,,,-398,,,,,,,,,,,,
P6-S2,6,11/12,Moynihan Station EA plan,escalator,40,estimated,,,-179,,,,,,,,,,,,
P6-S3,6,11/12,Moynihan Station EA plan,escalator,40,estimated,,,-126,,,,,,,,,,,,
P6-S4,6,11/12,PCIP Phase 2 existing plan,stair,121,estimated,,,0,,,,,,,,,,,,
P6-S5,6,11/12,PCIP Phase 1 existing plan,escalator,34,master_plan,,,230,,,,,,,,,,,,
P6-S6,6,11/12,PCIP Phase 2 existing plan,escalator,34,estimated,,,274,,,,,,,,,,,,
P6-S7,6,11/12,PCIP Phase 2 existing plan,stair,50,master_plan,,,376,,,,,,,,,,,,
P6-S8,6,11/12,PCIP Phase 2 existing plan,escalator,34,master_plan,,,412,,,,,,,,,,,,
P6-S9,6,11/12,PCIP Phase 2 existing plan,stair,58,estimated,,,473,,,,,,,,,,,,
P6-S10,6,11/12,PCIP Phase 2 existing plan,escalator,34,estimated,,,681,,,,,,,,,,,,
P6-S11,6,11/12,PCIP Phase 2 existing plan,escalator,39,estimated,,,778,,,,,,,,,,,,
P6-D1,6,11/12,2022 directory,elevator,,,lower,877,,,,,,,,,,,,,
P6-D2,6,11/12,2022 directory,escalator,,,lower,939,,,,,,,,,,,,,
P6-D3,6,11/12,2022 directory,stair,,,lower,1267,,,,,,,,,,,,,
P6-D4,6,11/12,2022 directory,elevator,,,lower,1316,,,,,,,,,,,,,
P6-D5,6,11/12,2022 directory,stair,,,lower,1376,,,,,,,,,,,,,
P6-D6,6,11/12,2022 directory,elevator,,,lower,1829,,,,,,,,,,,,,
P6-D7,6,11/12,2022 directory,stair,,,lower,1936,,,,,,,,,,,,,
P6-D8,6,11/12,2022 directory,stair,,,lower,2054,,,,,,,,,,,,,
P6-D9,6,11/12,2022 directory,stair,,,upper,1226,,,,,,,,,,,,,
P6-D10,6,11/12,2022 directory,stair,,,upper,1424,,,,,,,,,,,,,
P6-M1,6,11/12,Master Plan,escalator,34,master_plan,,,230,,,,,,,,,,,,
P6-M2,6,11/12,Master Plan,stair,50,master_plan,,,366,,,,,,,,,,,,
P6-M3,6,11/12,Master Plan,escalator,34,master_plan,,,410,,,,,,,,,,,,
P7-S1,7,13/14,Moynihan Station EA plan,stair,42,estimated,,,-398,,,,,,,,,,,,
P7-S2,7,13/14,Moynihan Station EA plan,escalator,40,estimated,,,-179,,,,,,,,,,,,
P7-S3,7,13/14,Moynihan Station EA plan,escalator,40,estimated,,,-126,,,,,,,,,,,,
P7-S4,7,13/14,PCIP Phase 1 existing plan,stair,56,estimated,,,-66,,,,,,,,,,,,
P7-S5,7,13/14,PCIP Phase 2 existing plan,stair,121,estimated,,,0,,,,,,,,,,,,
P7-S6,7,13/14,PCIP Phase 1 existing plan,escalator,34,master_plan,,,228,,,,,,,,,,,,
P7-S7,7,13/14,PCIP Phase 2 existing plan,escalator,38,estimated,,,264,,,,,,,,,,,,
P7-S8,7,13/14,PCIP Phase 2 existing plan,stair,58,master_plan,,,374,,,,,,,,,,,,
P7-S9,7,13/14,PCIP Phase 2 existing plan,escalator,34,master_plan,,,411,,,,,,,,,,,,
P7-S10,7,13/14,PCIP Phase 2 existing plan,stair,58,estimated,,,542,,,,,,,,,,,,
P7-S11,7,13/14,PCIP Phase 2 existing plan,escalator,22,estimated,,,638,,,,,,,,,,,,
P7-S12,7,13/14,PCIP Phase 2 existing plan,stair,60,estimated,,,653,,,,,,,,,,,,
P7-D1,7,13/14,2022 directory,elevator,,,lower,876,,,,,,,,,,,,,
P7-D2,7,13/14,2022 directory,escalator,,,lower,938,,,,,,,,,,,,,
P7-D3,7,13/14,2022 directory,stair,,,lower,1266,,,,,,,,,,,,,
P7-D4,7,13/14,2022 directory,stair,,,lower,1379,,,,,,,,,,,,,
P7-D5,7,13/14,2022 directory,elevator,,,lower,1591,,,,,,,,,,,,,
P7-D6,7,13/14,2022 directory,stair,,,lower,1668,,,,,,,,,,,,,
P7-D7,7,13/14,2022 directory,stair,,,lower,1899,,,,,,,,,,,,,
P7-D8,7,13/14,2022 directory,stair,,,upper,1226,,,,,,,,,,,,,
P7-D9,7,13/14,2022 directory,stair,,,upper,1423,,,,,,,,,,,,,
P7-M1,7,13/14,Master Plan,escalator,34,master_plan,,,230,,,,,,,,,,,,
P7-M2,7,13/14,Master Plan,stair,58,master_plan,,,365,,,,,,,,,,,,
P7-M3,7,13/14,Master Plan,escalator,34,master_plan,,,410,,,,,,,,,,,,
P8-S1,8,15/16,Moynihan Station EA plan,escalator,40,estimated,,,-178,,,,,,,,,,,,
P8-S2,8,15/16,Moynihan Station EA plan,escalator,40,estimated,,,-126,,,,,,,,,,,,
P8-S3,8,15/16,PCIP Phase 1 existing plan,escalator,41,estimated,,,-73,,,,,,,,,,,,
P8-S4,8,15/16,PCIP Phase 2 existing plan,stair,121,estimated,,,0,,,,,,,,,,,,
P8-S5,8,15/16,PCIP Phase 1 existing plan,escalator,34,master_plan,,,230,,,,,,,,,,,,
P8-S6,8,15/16,PCIP Phase 2 existing plan,escalator,39,estimated,,,264,,,,,,,,,,,,
P8-S7,8,15/16,PCIP Phase 2 existing plan,stair,58,master_plan,,,366,,,,,,,,,,,,
P8-S8,8,15/16,PCIP Phase 2 existing plan,stair,58,estimated,,,412,,,,,,,,,,,,
P8-S9,8,15/16,PCIP Phase 2 existing plan,stair,51,estimated,,,548,,,,,,,,,,,,
P8-S10,8,15/16,PCIP Phase 2 existing plan,escalator,39,estimated,,,636,,,,,,,,,,,,
P8-S11,8,15/16,PCIP Phase 2 existing plan,stair,70,estimated,,,660,,,,,,,,,,,,
P8-D1,8,15/16,2022 directory,elevator,,,lower,876,,,,,,,,,,,,,
P8-D2,8,15/16,2022 directory,escalator,,,lower,938,,,,,,,,,,,,,
P8-D3,8,15/16,2022 directory,stair,,,lower,1266,,,,,,,,,,,,,
P8-D4,8,15/16,2022 directory,stair,,,lower,1379,,,,,,,,,,,,,
P8-D5,8,15/16,2022 directory,elevator,,,lower,1590,,,,,,,,,,,,,
P8-D6,8,15/16,2022 directory,stair,,,lower,1668,,,,,,,,,,,,,
P8-D7,8,15/16,2022 directory,stair,,,lower,1900,,,,,,,,,,,,,
P8-D8,8,15/16,2022 directory,stair,,,upper,1226,,,,,,,,,,,,,
P8-D9,8,15/16,2022 directory,stair,,,upper,1423,,,,,,,,,,,,,
P8-M1,8,15/16,Master Plan,escalator,34,master_plan,,,230,,,,,,,,,,,,
P8-M2,8,15/16,Master Plan,stair,58,master_plan,,,363,,,,,,,,,,,,
P8-M3,8,15/16,Master Plan,escalator,34,master_plan,,,404,,,,,,,,,,,,
P9-S1,9,17,PCIP Phase 1 existing plan,escalator,40,estimated,,,-72,,,,,,,,,,,,
P9-S2,9,17,PCIP Phase 1 existing plan,stair,56,estimated,,,3,,,,,,,,,,,,
P9-S3,9,17,PCIP Phase 1 existing plan,stair,56,estimated,,,229,,,,,,,,,,,,
P9-S4,9,17,"2022 directory, positioned",escalator,34,typical,,,272,,,,,,,,,,,,
P9-S5,9,17,PCIP Phase 1 existing plan,stair,60,master_plan,,,271,,,,,,,,,,,,
P9-S6,9,17,PCIP Phase 1 existing plan,stair,66,master_plan,,,372,,,,,,,,,,,,
P9-S7,9,17,PCIP Phase 1 existing plan,stair,72,master_plan,,,410,,,,,,,,,,,,
P9-S8,9,17,"2022 directory, positioned",stair,60,typical,,,482,,,,,,,,,,,,
P9-S9,9,17,PCIP Phase 1 existing plan,stair,49,estimated,,,543,,,,,,,,,,,,
P9-S10,9,17,PCIP Phase 1 existing plan,stair,43,estimated,,,658,,,,,,,,,,,,
P9-S11,9,17,PCIP Phase 1 existing plan,stair,68,master_plan,,,886,,,,,,,,,,,,
P9-D1,9,17,2022 directory,elevator,,,lower,877,,,,,,,,,,,,,
P9-D2,9,17,2022 directory,escalator,,,lower,938,,,,,,,,,,,,,
P9-D3,9,17,2022 directory,stair,,,lower,1267,,,,,,,,,,,,,
P9-D4,9,17,2022 directory,stair,,,lower,1379,,,,,,,,,,,,,
P9-D5,9,17,2022 directory,elevator,,,lower,1590,,,,,,,,,,,,,
P9-D6,9,17,2022 directory,stair,,,lower,1668,,,,,,,,,,,,,
P9-D7,9,17,2022 directory,stair,,,lower,1901,,,,,,,,,,,,,
P9-D8,9,17,2022 directory,stair,,,lower,2255,,,,,,,,,,,,,
P9-D9,9,17,2022 directory,stair,,,upper,1234,,,,,,,,,,,,,
P9-M1,9,17,Master Plan,stair,60,master_plan,,,279,,,,,,,,,,,,
P9-M2,9,17,Master Plan,stair,66/72,master_plan,,,362,,,,,,,,,,,,
P9-M3,9,17,Master Plan,stair,72,master_plan,,,402,,,,,,,,,,,,
P9-M4,9,17,Master Plan,stair,68,master_plan,,,888,,,,,,,,,,,,
P10-S1,10,18/19,PCIP Phase 1 existing plan,stair,89,estimated,,,4,,,,,,,,,,,,
P10-S2,10,18/19,PCIP Phase 1 existing plan,escalator,38,master_plan,,,260,,,,,,,,,,,,
P10-S3,10,18/19,PCIP Phase 1 existing plan,stair,92,master_plan,,,262,,,,,,,,,,,,
P10-S4,10,18/19,PCIP Phase 1 existing plan,escalator,41,estimated,,,384,,,,,,,,,,,,
P10-S5,10,18/19,PCIP Phase 1 existing plan,stair,112,estimated,,,383,,,,,,,,,,,,
P10-S6,10,18/19,"2022 directory, positioned",stair,60,typical,,,407,,,,,,,,,,,,
P10-S7,10,18/19,"2022 directory, positioned",stair,60,typical,,,483,,,,,,,,,,,,
P10-S8,10,18/19,PCIP Phase 1 existing plan,stair,112,estimated,,,543,,,,,,,,,,,,
P10-S9,10,18/19,"2022 directory, positioned",stair,60,typical,,,567,,,,,,,,,,,,
P10-S10,10,18/19,PCIP Phase 1 existing plan,stair,213,estimated,,,653,,,,,,,,,,,,
P10-S11,10,18/19,PCIP Phase 1 existing plan,stair,94,master_plan,,,774,,,,,,,,,,,,
P10-S12,10,18/19,PCIP Phase 1 existing plan,stair,108,master_plan,,,868,,,,,,,,,,,,
P10-D1,10,18/19,2022 directory,elevator,,,lower,876,,,,,,,,,,,,,
P10-D2,10,18/19,2022 directory,escalator,,,lower,938,,,,,,,,,,,,,
P10-D3,10,18/19,2022 directory,stair,,,lower,1266,,,,,,,,,,,,,
P10-D4,10,18/19,2022 directory,stair,,,lower,1379,,,,,,,,,,,,,
P10-D5,10,18/19,2022 directory,elevator,,,lower,1590,,,,,,,,,,,,,
P10-D6,10,18/19,2022 directory,stair,,,lower,1669,,,,,,,,,,,,,
P10-D7,10,18/19,2022 directory,stair,,,lower,1901,,,,,,,,,,,,,
P10-D8,10,18/19,2022 directory,stair,,,lower,2042,,,,,,,,,,,,,
P10-D9,10,18/19,2022 directory,stair,,,lower,2209,,,,,,,,,,,,,
P10-M1,10,18/19,Master Plan,stair,92,master_plan,,,266,,,,,,,,,,,,
P10-M2,10,18/19,Master Plan,escalator,38,master_plan,,,269,,,,,,,,,,,,
P10-M3,10,18/19,Master Plan,stair,108,master_plan,,,362,,,,,,,,,,,,
P10-M4,10,18/19,Master Plan,escalator,34,master_plan,,,368,,,,,,,,,,,,
P10-M5,10,18/19,Master Plan,stair,94,master_plan,,,772,,,,,,,,,,,,
P10-M6,10,18/19,Master Plan,stair,108,master_plan,,,870,,,,,,,,,,,,
