platform,track_numbers,level,type,map_x,map_y
1,1/2,lower,stair,1266,2460
1,1/2,lower,elevator,1315,2460
1,1/2,lower,stair,1376,2459
1,1/2,lower,stair,1937,2459
1,1/2,lower,stair,2055,2459
1,1/2,upper,elevator,1862,1232
1,1/2,upper,stair,1983,1232
1,1/2,upper,stair,2053,1232
2,3/4,lower,stair,1266,2394
2,3/4,lower,elevator,1316,2417
2,3/4,lower,stair,1376,2393
2,3/4,lower,stair,1936,2393
2,3/4,lower,stair,2055,2392
2,3/4,lower,stair,2741,1962
2,3/4,upper,escalator,1392,1172
2,3/4,upper,elevator,1861,1180
2,3/4,upper,stair,1983,1180
2,3/4,upper,stair,2053,1180
3,5/6,lower,stair,876,2329
3,5/6,lower,stair,938,2329
3,5/6,lower,stair,1266,2329
3,5/6,lower,elevator,1317,2314
3,5/6,lower,stair,1376,2328
3,5/6,lower,stair,1937,2329
3,5/6,upper,escalator,1243,1122
3,5/6,upper,escalator,1392,1123
3,5/6,upper,elevator,1861,1122
3,5/6,upper,stair,1983,1125
4,7/8,lower,elevator,877,2268
4,7/8,lower,escalator,939,2268
4,7/8,lower,stair,1267,2268
4,7/8,lower,elevator,1316,2277
4,7/8,lower,stair,1375,2268
4,7/8,lower,stair,1937,2268
4,7/8,upper,stair,1226,1056
4,7/8,upper,stair,1423,1057
4,7/8,upper,elevator,1861,1070
4,7/8,upper,stair,1983,1068
5,9/10,lower,elevator,876,2204
5,9/10,lower,escalator,938,2204
5,9/10,lower,stair,1266,2204
5,9/10,lower,stair,1376,2204
5,9/10,lower,elevator,1376,2237
5,9/10,lower,stair,1937,2205
5,9/10,lower,stair,2071,2205
5,9/10,upper,stair,1226,996
5,9/10,upper,stair,1424,995
5,9/10,upper,elevator,1861,1005
5,9/10,upper,stair,1985,1003
5,9/10,upper,stair,2125,1003
6,11/12,lower,elevator,877,2141
6,11/12,lower,escalator,939,2141
6,11/12,lower,stair,1267,2141
6,11/12,lower,elevator,1316,2124
6,11/12,lower,stair,1376,2141
6,11/12,lower,elevator,1829,2143
6,11/12,lower,stair,1936,2141
6,11/12,lower,stair,2054,2141
6,11/12,upper,stair,1226,934
6,11/12,upper,stair,1424,934
7,13/14,lower,elevator,876,2080
7,13/14,lower,escalator,938,2079
7,13/14,lower,stair,1266,2079
7,13/14,lower,stair,1379,2079
7,13/14,lower,elevator,1591,2079
7,13/14,lower,stair,1668,2079
7,13/14,lower,stair,1899,2079
7,13/14,upper,stair,1226,876
7,13/14,upper,stair,1423,876
8,15/16,lower,elevator,876,2018
8,15/16,lower,escalator,938,2018
8,15/16,lower,stair,1266,2017
8,15/16,lower,stair,1379,2018
8,15/16,lower,elevator,1590,2017
8,15/16,lower,stair,1668,2017
8,15/16,lower,stair,1900,2017
8,15/16,upper,stair,1226,817
8,15/16,upper,stair,1423,818
9,17,lower,elevator,877,1958
9,17,lower,escalator,938,1957
9,17,lower,stair,1267,1958
9,17,lower,stair,1379,1958
9,17,lower,elevator,1590,1958
9,17,lower,stair,1668,1958
9,17,lower,stair,1901,1958
9,17,lower,stair,2255,1946
9,17,upper,stair,1234,735
10,18/19,lower,elevator,876,1901
10,18/19,lower,escalator,938,1901
10,18/19,lower,stair,1266,1902
10,18/19,lower,stair,1379,1901
10,18/19,lower,elevator,1590,1901
10,18/19,lower,stair,1669,1901
10,18/19,lower,stair,1901,1902
10,18/19,lower,stair,2042,1893
10,18/19,lower,stair,2209,1908
11,20/21,lower,elevator,877,1826
11,20/21,lower,escalator,946,1826
11,20/21,lower,stair,1163,1821
11,20/21,lower,stair,1475,1821
11,20/21,lower,elevator,1591,1843
11,20/21,lower,stair,1687,1821
11,20/21,lower,stair,1876,1821
11,20/21,lower,stair,2281,1789
