platform,label,type,west_end_ft,east_end_ft,width_in,source
A,WP5,stair,-65,-40,60,"PCIP Phase 1 Appendix A, sheet A-021, July 2019, PDF page 31"
A,WP6,stair,-11,6,60,"PCIP Phase 1 Appendix A, sheet A-021, July 2019, PDF page 31"
A,AP7,stair,133,166,60,"PCIP Phase 1 Appendix A, sheet A-021, July 2019, PDF page 31"
A,AP7,escalator,133,166,40,"PCIP Phase 1 Appendix A, sheet A-021, July 2019, PDF page 31"
A,AP8,stair,230,271,60,"PCIP Phase 1 Appendix A, sheet A-021, July 2019, PDF page 31"
A,AP8,escalator,230,271,40,"PCIP Phase 1 Appendix A, sheet A-021, July 2019, PDF page 31"
A,AP9,stair,407,448,60,"PCIP Phase 1 Appendix A, sheet A-021, July 2019, PDF page 31"
A,AP9,escalator,407,448,40,"PCIP Phase 1 Appendix A, sheet A-021, July 2019, PDF page 31"
A,AP10,stair,609,651,60,"PCIP Phase 1 Appendix A, sheet A-021, July 2019, PDF page 31"
A,AP10,escalator,609,651,40,"PCIP Phase 1 Appendix A, sheet A-021, July 2019, PDF page 31"
A,AP11,stair,748,790,60,"PCIP Phase 1 Appendix A, sheet A-021, July 2019, PDF page 31"
A,AP11,escalator,748,790,40,"PCIP Phase 1 Appendix A, sheet A-021, July 2019, PDF page 31"
A,AP12,stair,840,872,60,"PCIP Phase 1 Appendix A, sheet A-021, July 2019, PDF page 31"
A,AP12,escalator,840,872,40,"PCIP Phase 1 Appendix A, sheet A-021, July 2019, PDF page 31"
