platform,type,west_end_ft,east_end_ft,width_in,source
1,stair,3,16,72,"FRA Penn Station SOS Phase I Report, June 2026, Figure 11 (PDF page 71)"
1,stair,170,183,72,"FRA Penn Station SOS Phase I Report, June 2026, Figure 11 (PDF page 71)"
2,stair,-16,-3,72,"FRA Penn Station SOS Phase I Report, June 2026, Figure 11 (PDF page 71)"
2,stair,170,183,72,"FRA Penn Station SOS Phase I Report, June 2026, Figure 11 (PDF page 71)"
3,escalator,-273,-223,40,"FRA Penn Station SOS Phase I Report, June 2026, Figure 11 (PDF page 71)"
3,stair,169,182,72,"FRA Penn Station SOS Phase I Report, June 2026, Figure 11 (PDF page 71)"
3,stair,531,544,72,"FRA Penn Station SOS Phase I Report, June 2026, Figure 11 (PDF page 71)"
4,stair,168,181,72,"FRA Penn Station SOS Phase I Report, June 2026, Figure 11 (PDF page 71)"
4,stair,530,543,72,"FRA Penn Station SOS Phase I Report, June 2026, Figure 11 (PDF page 71)"
5,escalator,-280,-230,40,"FRA Penn Station SOS Phase I Report, June 2026, Figure 11 (PDF page 71)"
5,stair,168,181,72,"FRA Penn Station SOS Phase I Report, June 2026, Figure 11 (PDF page 71)"
5,stair,530,543,72,"FRA Penn Station SOS Phase I Report, June 2026, Figure 11 (PDF page 71)"
6,stair,169,182,72,"FRA Penn Station SOS Phase I Report, June 2026, Figure 11 (PDF page 71)"
6,stair,530,543,72,"FRA Penn Station SOS Phase I Report, June 2026, Figure 11 (PDF page 71)"
7,escalator,-281,-231,40,"FRA Penn Station SOS Phase I Report, June 2026, Figure 11 (PDF page 71)"
7,stair,168,181,72,"FRA Penn Station SOS Phase I Report, June 2026, Figure 11 (PDF page 71)"
8,escalator,-281,-231,40,"FRA Penn Station SOS Phase I Report, June 2026, Figure 11 (PDF page 71)"
8,stair,167,180,72,"FRA Penn Station SOS Phase I Report, June 2026, Figure 11 (PDF page 71)"
9,stair,-81,-68,72,"FRA Penn Station SOS Phase I Report, June 2026, Figure 11 (PDF page 71)"
9,stair,169,182,72,"FRA Penn Station SOS Phase I Report, June 2026, Figure 11 (PDF page 71)"
10,stair,530,543,72,"FRA Penn Station SOS Phase I Report, June 2026, Figure 11 (PDF page 71)"
11,stair,170,183,72,"FRA Penn Station SOS Phase I Report, June 2026, Figure 11 (PDF page 71)"
11,stair,360,373,72,"FRA Penn Station SOS Phase I Report, June 2026, Figure 11 (PDF page 71)"
